
USE cs6400_summer24_team034 ;

-- Inserting Users --
INSERT INTO `User` (employeeid,firstname,lastname,lastfourssn,accesstoauditlog) VALUES ('0001','User0001','Douglas', 1234, 1);
INSERT INTO `User` (employeeid,firstname,lastname,lastfourssn,accesstoauditlog) VALUES ('0002','User0002','Douglas', 5678, 1);
INSERT INTO `User` (employeeid,firstname,lastname,lastfourssn,accesstoauditlog) VALUES ('0003','User0003','Douglas', 1234, 1);
INSERT INTO `User` (employeeid,firstname,lastname,lastfourssn,accesstoauditlog) VALUES ('0004','User0004','Douglas', 5678, 1);


-- inserting 9 Holidays --
INSERT INTO Holidays (BusinessDate, HolidayName) VALUES ('2019-02-18','Presidents Day');
INSERT INTO Holidays (BusinessDate, HolidayName) VALUES ('2019-01-21','Martin Luther King Jr. Day');
INSERT INTO Holidays (BusinessDate, HolidayName) VALUES ('2019-01-01','New Years Day');
INSERT INTO Holidays (BusinessDate, HolidayName) VALUES ('2018-02-19','Presidents Day');
INSERT INTO Holidays (BusinessDate, HolidayName) VALUES ('2018-01-15','Martin Luther King Jr. Day');
INSERT INTO Holidays (BusinessDate, HolidayName) VALUES ('2018-01-01','New Years Day');
INSERT INTO Holidays (BusinessDate, HolidayName) VALUES ('2017-02-20','Presidents Day');
INSERT INTO Holidays (BusinessDate, HolidayName) VALUES ('2017-01-16','Martin Luther King Jr. Day');
INSERT INTO Holidays (BusinessDate, HolidayName) VALUES ('2017-01-01','New Years Day');


INSERT INTO Report (ReportName) VALUES ('Actual versus Predicted Revenue for GPS units');
INSERT INTO Report (ReportName) VALUES ('Air Conditioners on Groundhog Day?');
INSERT INTO Report (ReportName) VALUES ('Category Report');
INSERT INTO Report (ReportName) VALUES ('District with Highest Volume for each Category');
INSERT INTO Report (ReportName) VALUES ('Manufacturer''s Product Report');
INSERT INTO Report (ReportName) VALUES ('Revenue by Population');
INSERT INTO Report (ReportName) VALUES ('Store Revenue by Year by State');
INSERT INTO Report (ReportName) VALUES ('Holidays');

INSERT INTO District (DistrictNumber) VALUES (1);
INSERT INTO District (DistrictNumber) VALUES (2);
INSERT INTO District (DistrictNumber) VALUES (3);
INSERT INTO District (DistrictNumber) VALUES (4);
INSERT INTO District (DistrictNumber) VALUES (5);
INSERT INTO District (DistrictNumber) VALUES (6);

INSERT INTO CanAccess (EmployeeID, DistrictNumber) VALUES ('0001', 1);
INSERT INTO CanAccess (EmployeeID, DistrictNumber) VALUES ('0001', 2);
INSERT INTO CanAccess (EmployeeID, DistrictNumber) VALUES ('0001', 3);
INSERT INTO CanAccess (EmployeeID, DistrictNumber) VALUES ('0001', 4);
INSERT INTO CanAccess (EmployeeID, DistrictNumber) VALUES ('0001', 5);
INSERT INTO CanAccess (EmployeeID, DistrictNumber) VALUES ('0001', 6);
INSERT INTO CanAccess (EmployeeID, DistrictNumber) VALUES ('0002', 1);
INSERT INTO CanAccess (EmployeeID, DistrictNumber) VALUES ('0002', 4);
INSERT INTO CanAccess (EmployeeID, DistrictNumber) VALUES ('0003', 1);
INSERT INTO CanAccess (EmployeeID, DistrictNumber) VALUES ('0003', 2);

INSERT INTO City (CityName, State, Population) VALUES ('Gilbert', 'Arizona', 6500000);
INSERT INTO City (CityName, State, Population) VALUES ('Chesapeake', 'Virginia', 6500000);
INSERT INTO City (CityName, State, Population) VALUES ('Reno', 'Nevada', 10500000);
INSERT INTO City (CityName, State, Population) VALUES ('Hialeah', 'Florida', 10500000);
INSERT INTO City (CityName, State, Population) VALUES ('Garland', 'Texas', 8500000);
INSERT INTO City (CityName, State, Population) VALUES ('Glendale', 'Arizona', 3500000);
INSERT INTO City (CityName, State, Population) VALUES ('Winston-Salem', 'North Carolina', 10500000);
INSERT INTO City (CityName, State, Population) VALUES ('Irvine', 'California', 11500000);
INSERT INTO City (CityName, State, Population) VALUES ('Lubbock', 'Texas', 5500000);
INSERT INTO City (CityName, State, Population) VALUES ('Madison', 'Wisconsin', 10500000);
INSERT INTO City (CityName, State, Population) VALUES ('Durham', 'North Carolina', 7500000);
INSERT INTO City (CityName, State, Population) VALUES ('Norfolk', 'Virginia', 8500000);
INSERT INTO City (CityName, State, Population) VALUES ('Laredo', 'Texas', 5500000);
INSERT INTO City (CityName, State, Population) VALUES ('Chandler', 'Arizona', 8500000);
INSERT INTO City (CityName, State, Population) VALUES ('St. Petersburg', 'Florida', 10500000);
INSERT INTO City (CityName, State, Population) VALUES ('Orlando', 'Florida', 8500000);
INSERT INTO City (CityName, State, Population) VALUES ('Fort Wayne', 'Indiana', 11500000);
INSERT INTO City (CityName, State, Population) VALUES ('Chula Vista', 'California', 9500000);
INSERT INTO City (CityName, State, Population) VALUES ('Jersey City', 'New Jersey', 4500000);
INSERT INTO City (CityName, State, Population) VALUES ('Buffalo', 'New York', 8500000);
INSERT INTO City (CityName, State, Population) VALUES ('Lincoln', 'Nebraska', 1500000);
INSERT INTO City (CityName, State, Population) VALUES ('Henderson', 'Nevada', 3500000);
INSERT INTO City (CityName, State, Population) VALUES ('Plano', 'Texas', 500000);
INSERT INTO City (CityName, State, Population) VALUES ('Newark', 'New Jersey', 1500000);
INSERT INTO City (CityName, State, Population) VALUES ('Greensboro', 'North Carolina', 7500000);
INSERT INTO City (CityName, State, Population) VALUES ('Toledo', 'Ohio', 4500000);
INSERT INTO City (CityName, State, Population) VALUES ('St. Paul', 'Minnesota', 6500000);
INSERT INTO City (CityName, State, Population) VALUES ('Cincinnati', 'Ohio', 500000);
INSERT INTO City (CityName, State, Population) VALUES ('Stockton', 'California', 5500000);
INSERT INTO City (CityName, State, Population) VALUES ('Anchorage', 'Alaska', 7500000);
INSERT INTO City (CityName, State, Population) VALUES ('Pittsburgh', 'Pennsylvania', 3500000);
INSERT INTO City (CityName, State, Population) VALUES ('Lexington-Fayette', 'Kentucky', 2500000);
INSERT INTO City (CityName, State, Population) VALUES ('Riverside', 'California', 1500000);
INSERT INTO City (CityName, State, Population) VALUES ('Corpus Christi', 'Texas', 12500000);
INSERT INTO City (CityName, State, Population) VALUES ('St. Louis', 'Missouri', 3500000);
INSERT INTO City (CityName, State, Population) VALUES ('Santa Ana', 'California', 4500000);
INSERT INTO City (CityName, State, Population) VALUES ('Anaheim', 'California', 5500000);
INSERT INTO City (CityName, State, Population) VALUES ('Aurora', 'Colorado', 500000);
INSERT INTO City (CityName, State, Population) VALUES ('Tampa', 'Florida', 4500000);
INSERT INTO City (CityName, State, Population) VALUES ('Honolulu', 'Hawaii', 500000);
INSERT INTO City (CityName, State, Population) VALUES ('Bakersfield', 'California', 5500000);
INSERT INTO City (CityName, State, Population) VALUES ('New Orleans', 'Louisiana', 8500000);
INSERT INTO City (CityName, State, Population) VALUES ('Arlington', 'Texas', 12500000);
INSERT INTO City (CityName, State, Population) VALUES ('Wichita', 'Kansas', 3500000);
INSERT INTO City (CityName, State, Population) VALUES ('Cleveland', 'Ohio', 11500000);
INSERT INTO City (CityName, State, Population) VALUES ('Tulsa', 'Oklahoma', 500000);
INSERT INTO City (CityName, State, Population) VALUES ('Minneapolis', 'Minnesota', 1500000);
INSERT INTO City (CityName, State, Population) VALUES ('Oakland', 'California', 2500000);
INSERT INTO City (CityName, State, Population) VALUES ('Miami', 'Florida', 9500000);
INSERT INTO City (CityName, State, Population) VALUES ('Raleigh', 'North Carolina', 11500000);
INSERT INTO City (CityName, State, Population) VALUES ('Omaha', 'Nebraska', 7500000);
INSERT INTO City (CityName, State, Population) VALUES ('Colorado Springs', 'Colorado', 500000);
INSERT INTO City (CityName, State, Population) VALUES ('Atlanta', 'Georgia', 3500000);
INSERT INTO City (CityName, State, Population) VALUES ('Virginia Beach', 'Virginia', 12500000);
INSERT INTO City (CityName, State, Population) VALUES ('Mesa', 'Arizona', 5500000);
INSERT INTO City (CityName, State, Population) VALUES ('Kansas City', 'Missouri', 11500000);
INSERT INTO City (CityName, State, Population) VALUES ('Long Beach', 'California', 12500000);
INSERT INTO City (CityName, State, Population) VALUES ('Sacramento', 'California', 10500000);
INSERT INTO City (CityName, State, Population) VALUES ('Fresno', 'California', 500000);
INSERT INTO City (CityName, State, Population) VALUES ('Albuquerque', 'New Mexico', 5500000);
INSERT INTO City (CityName, State, Population) VALUES ('Tucson', 'Arizona', 3500000);
INSERT INTO City (CityName, State, Population) VALUES ('Milwaukee', 'Wisconsin', 10500000);
INSERT INTO City (CityName, State, Population) VALUES ('Las Vegas', 'Nevada', 8500000);
INSERT INTO City (CityName, State, Population) VALUES ('Portland', 'Oregon', 1500000);
INSERT INTO City (CityName, State, Population) VALUES ('Louisville/Jefferson County', 'Kentucky', 10500000);
INSERT INTO City (CityName, State, Population) VALUES ('Oklahoma City', 'Oklahoma', 3500000);
INSERT INTO City (CityName, State, Population) VALUES ('Baltimore', 'Maryland', 1500000);
INSERT INTO City (CityName, State, Population) VALUES ('Nashville-Davidson', 'Tennessee', 11500000);
INSERT INTO City (CityName, State, Population) VALUES ('Boston', 'Massachusetts', 2500000);
INSERT INTO City (CityName, State, Population) VALUES ('Washington', 'District of Columbia', 10500000);
INSERT INTO City (CityName, State, Population) VALUES ('Denver', 'Colorado', 1500000);
INSERT INTO City (CityName, State, Population) VALUES ('Seattle', 'Washington', 2500000);
INSERT INTO City (CityName, State, Population) VALUES ('Memphis', 'Tennessee', 1500000);
INSERT INTO City (CityName, State, Population) VALUES ('El Paso', 'Texas', 3500000);
INSERT INTO City (CityName, State, Population) VALUES ('Detroit', 'Michigan', 6500000);
INSERT INTO City (CityName, State, Population) VALUES ('Fort Worth', 'Texas', 2500000);
INSERT INTO City (CityName, State, Population) VALUES ('Charlotte', 'North Carolina', 3500000);
INSERT INTO City (CityName, State, Population) VALUES ('Columbus', 'Ohio', 3500000);
INSERT INTO City (CityName, State, Population) VALUES ('San Francisco', 'California', 7500000);
INSERT INTO City (CityName, State, Population) VALUES ('Jacksonville', 'Florida', 500000);
INSERT INTO City (CityName, State, Population) VALUES ('Indianapolis', 'Indiana', 8500000);
INSERT INTO City (CityName, State, Population) VALUES ('Austin', 'Texas', 500000);
INSERT INTO City (CityName, State, Population) VALUES ('San Jose', 'California', 5500000);
INSERT INTO City (CityName, State, Population) VALUES ('Dallas', 'Texas', 11500000);
INSERT INTO City (CityName, State, Population) VALUES ('San Diego', 'California', 9500000);
INSERT INTO City (CityName, State, Population) VALUES ('San Antonio', 'Texas', 2500000);
INSERT INTO City (CityName, State, Population) VALUES ('Phoenix', 'Arizona', 6500000);
INSERT INTO City (CityName, State, Population) VALUES ('Philadelphia', 'Pennsylvania', 10500000);
INSERT INTO City (CityName, State, Population) VALUES ('Houston', 'Texas', 2500000);
INSERT INTO City (CityName, State, Population) VALUES ('Chicago', 'Illinois', 8500000);
INSERT INTO City (CityName, State, Population) VALUES ('Los Angeles', 'California', 500000);
INSERT INTO City (CityName, State, Population) VALUES ('New York', 'New York', 7500000);
INSERT INTO City (CityName, State, Population) VALUES ('Baton Rouge', 'Louisiana', 5500000);
INSERT INTO City (CityName, State, Population) VALUES ('Irving', 'Texas', 1500000);
INSERT INTO City (CityName, State, Population) VALUES ('Scottsdale', 'Arizona', 11500000);
INSERT INTO City (CityName, State, Population) VALUES ('North Las Vegas', 'Nevada', 5500000);
INSERT INTO City (CityName, State, Population) VALUES ('Fremont', 'California', 9500000);
INSERT INTO City (CityName, State, Population) VALUES ('Boise City', 'Idaho', 3500000);
INSERT INTO City (CityName, State, Population) VALUES ('Richmond', 'Virginia', 2500000);
INSERT INTO City (CityName, State, Population) VALUES ('San Bernardino', 'California', 11500000);


INSERT INTO Store (StoreNumber,PhoneNumber,DistrictNumber,CityName,State) VALUES (1, 1634602222, 1, 'Columbus', 'Ohio');
INSERT INTO Store (StoreNumber,PhoneNumber,DistrictNumber,CityName,State) VALUES (2, 1229803045, 6, 'Bakersfield', 'California');
INSERT INTO Store (StoreNumber,PhoneNumber,DistrictNumber,CityName,State) VALUES (3, 2750672075, 4, 'Portland', 'Oregon');
INSERT INTO Store (StoreNumber,PhoneNumber,DistrictNumber,CityName,State) VALUES (4, 9479328065, 5, 'Glendale', 'Arizona');
INSERT INTO Store (StoreNumber,PhoneNumber,DistrictNumber,CityName,State) VALUES (5, 8620731401, 1, 'North Las Vegas', 'Nevada');
INSERT INTO Store (StoreNumber,PhoneNumber,DistrictNumber,CityName,State) VALUES (6, 7948944039, 3, 'Glendale', 'Arizona');
INSERT INTO Store (StoreNumber,PhoneNumber,DistrictNumber,CityName,State) VALUES (7, 4639854061, 1, 'Garland', 'Texas');
INSERT INTO Store (StoreNumber,PhoneNumber,DistrictNumber,CityName,State) VALUES (8, 2548145019, 5, 'St. Paul', 'Minnesota');
INSERT INTO Store (StoreNumber,PhoneNumber,DistrictNumber,CityName,State) VALUES (9, 1448888005, 5, 'Indianapolis', 'Indiana');



INSERT INTO Manufacturer (ManufacturerName) VALUES ('Adbanonover');
INSERT INTO Manufacturer (ManufacturerName) VALUES ('Adcadackor Direct Company');
INSERT INTO Manufacturer (ManufacturerName) VALUES ('Adcadimin International');
INSERT INTO Manufacturer (ManufacturerName) VALUES ('Adjubilex Holdings Corp.');
INSERT INTO Manufacturer (ManufacturerName) VALUES ('Adkilicator WorldWide Company');
INSERT INTO Manufacturer (ManufacturerName) VALUES ('Adkililar Holdings Company');
INSERT INTO Manufacturer (ManufacturerName) VALUES ('Admunaquax Holdings');
INSERT INTO Manufacturer (ManufacturerName) VALUES ('Admunin WorldWide Corp.');
INSERT INTO Manufacturer (ManufacturerName) VALUES ('Adniponan Corp.');
INSERT INTO Manufacturer (ManufacturerName) VALUES ('Adnipover Holdings');
INSERT INTO Manufacturer (ManufacturerName) VALUES ('Adpickar International');
INSERT INTO Manufacturer (ManufacturerName) VALUES ('Adpickegentor Holdings');
INSERT INTO Manufacturer (ManufacturerName) VALUES ('Adpickover International');
INSERT INTO Manufacturer (ManufacturerName) VALUES ('Adquestin International');
INSERT INTO Manufacturer (ManufacturerName) VALUES ('Adquestower Direct Company');
INSERT INTO Manufacturer (ManufacturerName) VALUES ('Adsapantor Direct Corp.');
INSERT INTO Manufacturer (ManufacturerName) VALUES ('Adsapedex WorldWide Company');
INSERT INTO Manufacturer (ManufacturerName) VALUES ('Adsipistor Direct');
INSERT INTO Manufacturer (ManufacturerName) VALUES ('Adtanazz Group');
INSERT INTO Manufacturer (ManufacturerName) VALUES ('Adtanollor Corp.');
INSERT INTO Manufacturer (ManufacturerName) VALUES ('Adtumegax');
INSERT INTO Manufacturer (ManufacturerName) VALUES ('Adtumentor Direct');
INSERT INTO Manufacturer (ManufacturerName) VALUES ('Adtumommin Inc');
INSERT INTO Manufacturer (ManufacturerName) VALUES ('Adtumower International');
INSERT INTO Manufacturer (ManufacturerName) VALUES ('Advenex Inc');
INSERT INTO Manufacturer (ManufacturerName) VALUES ('Adveninentor Inc');
INSERT INTO Manufacturer (ManufacturerName) VALUES ('Advenupex Direct Company');
INSERT INTO Manufacturer (ManufacturerName) VALUES ('Adwerax');
INSERT INTO Manufacturer (ManufacturerName) VALUES ('Adwericower Direct Inc');
INSERT INTO Manufacturer (ManufacturerName) VALUES ('Adwerower International Inc');
INSERT INTO Manufacturer (ManufacturerName) VALUES ('Adwerpaquover Holdings');
INSERT INTO Manufacturer (ManufacturerName) VALUES ('Adwerponantor Inc');
INSERT INTO Manufacturer (ManufacturerName) VALUES ('Adzapex Direct Group');


INSERT INTO Manufacturer (ManufacturerName) VALUES ('Bartanefin International');
INSERT INTO Manufacturer (ManufacturerName) VALUES ('Frojubupax Corp.');
INSERT INTO Manufacturer (ManufacturerName) VALUES ('Emjubex International Corp.');
INSERT INTO Manufacturer (ManufacturerName) VALUES ('Surjubackar International');
INSERT INTO Manufacturer (ManufacturerName) VALUES ('Monhupefantor WorldWide');
INSERT INTO Manufacturer (ManufacturerName) VALUES ('Thruvenommazz Group');
INSERT INTO Manufacturer (ManufacturerName) VALUES ('Upnipommower International');
INSERT INTO Manufacturer (ManufacturerName) VALUES ('Parquestan WorldWide');
INSERT INTO Manufacturer (ManufacturerName) VALUES ('Ciptinefar Inc');
INSERT INTO Manufacturer (ManufacturerName) VALUES ('Hapcadax Holdings Inc');
INSERT INTO Manufacturer (ManufacturerName) VALUES ('Partanommentor');
INSERT INTO Manufacturer (ManufacturerName) VALUES ('Emvenanor WorldWide');
INSERT INTO Manufacturer (ManufacturerName) VALUES ('Intinicower');
INSERT INTO Manufacturer (ManufacturerName) VALUES ('Tipjubepover');
INSERT INTO Manufacturer (ManufacturerName) VALUES ('Tippebex International');
INSERT INTO Manufacturer (ManufacturerName) VALUES ('Zeebanar');
INSERT INTO Manufacturer (ManufacturerName) VALUES ('Surdimicator');
INSERT INTO Manufacturer (ManufacturerName) VALUES ('Inwerepor Company');
INSERT INTO Manufacturer (ManufacturerName) VALUES ('Rezapupar Direct Company');

-- just add 20 products for testing 

INSERT INTO Product (PID, ProductName, ManufacturerName, RetailPrice) VALUES (1, 'Zeejubin', 'Bartanefin International', 258.36);
INSERT INTO Product (PID, ProductName, ManufacturerName, RetailPrice) VALUES (2, 'Varpickilower', 'Frojubupax Corp.', 314.78);
INSERT INTO Product (PID, ProductName, ManufacturerName, RetailPrice) VALUES (3, 'Unwerplar', 'Emjubex International Corp.', 256.45);
INSERT INTO Product (PID, ProductName, ManufacturerName, RetailPrice) VALUES (4, 'Parfropollin', 'Surjubackar International', 472.04);
INSERT INTO Product (PID, ProductName, ManufacturerName, RetailPrice) VALUES (5, 'Inkilentor', 'Monhupefantor WorldWide', 180.03);
INSERT INTO Product (PID, ProductName, ManufacturerName, RetailPrice) VALUES (6, 'Haphupentor', 'Thruvenommazz Group', 203.67);
INSERT INTO Product (PID, ProductName, ManufacturerName, RetailPrice) VALUES (7, 'Rapsipover', 'Upnipommower International', 236.8);
INSERT INTO Product (PID, ProductName, ManufacturerName, RetailPrice) VALUES (8, 'Tupdimower', 'Parquestan WorldWide', 260.15);
INSERT INTO Product (PID, ProductName, ManufacturerName, RetailPrice) VALUES (9, 'Gronipicistor', 'Ciptinefar Inc', 14.12);
INSERT INTO Product (PID, ProductName, ManufacturerName, RetailPrice) VALUES (10, 'Trumunentor', 'Hapcadax Holdings Inc', 110.32);
INSERT INTO Product (PID, ProductName, ManufacturerName, RetailPrice) VALUES (11, 'Rapdudollistor', 'Partanommentor', 325.25);
INSERT INTO Product (PID, ProductName, ManufacturerName, RetailPrice) VALUES (12, 'Surhupin', 'Emvenanor WorldWide', 95.75);
INSERT INTO Product (PID, ProductName, ManufacturerName, RetailPrice) VALUES (13, 'Resapollan', 'Intinicower', 328.72);
INSERT INTO Product (PID, ProductName, ManufacturerName, RetailPrice) VALUES (14, 'Fromunan', 'Tipjubepover', 350.2);
INSERT INTO Product (PID, ProductName, ManufacturerName, RetailPrice) VALUES (15, 'Supdimantor', 'Surdimicator', 195.87);
INSERT INTO Product (PID, ProductName, ManufacturerName, RetailPrice) VALUES (16, 'Barglibin', 'Tippebex International', 422.75);
INSERT INTO Product (PID, ProductName, ManufacturerName, RetailPrice) VALUES (17, 'Emtanicazz', 'Zeebanar', 418.61);
INSERT INTO Product (PID, ProductName, ManufacturerName, RetailPrice) VALUES (18, 'Uncadar', 'Surdimicator', 195.87);
INSERT INTO Product (PID, ProductName, ManufacturerName, RetailPrice) VALUES (19, 'Trutumplex', 'Inwerepor Company', 386.15);
INSERT INTO Product (PID, ProductName, ManufacturerName, RetailPrice) VALUES (20, 'Recadicentor', 'Rezapupar Direct Company', 287.23);


INSERT INTO Category (CategoryName) VALUES ('Air Conditioning');
INSERT INTO Category (CategoryName) VALUES ('Air Purifier');
INSERT INTO Category (CategoryName) VALUES ('Battery');
INSERT INTO Category (CategoryName) VALUES ('Bluray');
INSERT INTO Category (CategoryName) VALUES ('Camera');
INSERT INTO Category (CategoryName) VALUES ('Camera Lens');
INSERT INTO Category (CategoryName) VALUES ('Car Audio');
INSERT INTO Category (CategoryName) VALUES ('CD');
INSERT INTO Category (CategoryName) VALUES ('Computer');
INSERT INTO Category (CategoryName) VALUES ('Dryer');
INSERT INTO Category (CategoryName) VALUES ('DVD');
INSERT INTO Category (CategoryName) VALUES ('Fax');
INSERT INTO Category (CategoryName) VALUES ('GPS');
INSERT INTO Category (CategoryName) VALUES ('Microwave');
INSERT INTO Category (CategoryName) VALUES ('MP3 Player');
INSERT INTO Category (CategoryName) VALUES ('Phone');
INSERT INTO Category (CategoryName) VALUES ('Printer');
INSERT INTO Category (CategoryName) VALUES ('Projector');
INSERT INTO Category (CategoryName) VALUES ('Recording Equipment');
INSERT INTO Category (CategoryName) VALUES ('Refridgerator');
INSERT INTO Category (CategoryName) VALUES ('Satellite Radio');
INSERT INTO Category (CategoryName) VALUES ('Scanner');
INSERT INTO Category (CategoryName) VALUES ('Speaker');
INSERT INTO Category (CategoryName) VALUES ('Tool');
INSERT INTO Category (CategoryName) VALUES ('TV');
INSERT INTO Category (CategoryName) VALUES ('Vacuum Cleaner');
INSERT INTO Category (CategoryName) VALUES ('Video Camera');
INSERT INTO Category (CategoryName) VALUES ('Video Game');
INSERT INTO Category (CategoryName) VALUES ('Washer');

INSERT INTO Assignto (PID, CategoryName) VALUES (1,'Computer');
INSERT INTO Assignto (PID, CategoryName) VALUES (2,'Car Audio');
INSERT INTO Assignto (PID, CategoryName) VALUES (2,'MP3 Player');
INSERT INTO Assignto (PID, CategoryName) VALUES (2,'Speaker');
INSERT INTO Assignto (PID, CategoryName) VALUES (3,'Air Purifier');
INSERT INTO Assignto (PID, CategoryName) VALUES (4,'CD');
INSERT INTO Assignto (PID, CategoryName) VALUES (5,'Camera');
INSERT INTO Assignto (PID, CategoryName) VALUES (6,'Tool');
INSERT INTO Assignto (PID, CategoryName) VALUES (6,'TV');
INSERT INTO Assignto (PID, CategoryName) VALUES (7,'Dryer');
INSERT INTO Assignto (PID, CategoryName) VALUES (8,'Computer');
INSERT INTO Assignto (PID, CategoryName) VALUES (9,'Dryer');
INSERT INTO Assignto (PID, CategoryName) VALUES (9,'Microwave');
INSERT INTO Assignto (PID, CategoryName) VALUES (10,'Projector');
INSERT INTO Assignto (PID, CategoryName) VALUES (11,'Projector');
INSERT INTO Assignto (PID, CategoryName) VALUES (12,'Microwave');
INSERT INTO Assignto (PID, CategoryName) VALUES (12,'Speaker');
INSERT INTO Assignto (PID, CategoryName) VALUES (13,'TV');
INSERT INTO Assignto (PID, CategoryName) VALUES (14,'Air Purifier');
INSERT INTO Assignto (PID, CategoryName) VALUES (16,'Microwave');
INSERT INTO Assignto (PID, CategoryName) VALUES (17,'Car Audio');
INSERT INTO Assignto (PID, CategoryName) VALUES (18,'Microwave');
INSERT INTO Assignto (PID, CategoryName) VALUES (19,'Printer');
INSERT INTO Assignto (PID, CategoryName) VALUES (19,'Projector');
INSERT INTO Assignto (PID, CategoryName) VALUES (19,'Refridgerator');
INSERT INTO Assignto (PID, CategoryName) VALUES (20,'Speaker');

-- only for 2017, 2018 and 2019 dates 
INSERT INTO BusinessDay (BusinessDate) VALUES ('2017-01-01');
INSERT INTO BusinessDay (BusinessDate) VALUES ('2017-01-02');
INSERT INTO BusinessDay (BusinessDate) VALUES ('2017-01-03');
INSERT INTO BusinessDay (BusinessDate) VALUES ('2017-01-04');
INSERT INTO BusinessDay (BusinessDate) VALUES ('2017-01-05');
INSERT INTO BusinessDay (BusinessDate) VALUES ('2017-01-06');
INSERT INTO BusinessDay (BusinessDate) VALUES ('2017-01-07');
INSERT INTO BusinessDay (BusinessDate) VALUES ('2017-01-08');
INSERT INTO BusinessDay (BusinessDate) VALUES ('2017-01-09');
INSERT INTO BusinessDay (BusinessDate) VALUES ('2017-01-10');
INSERT INTO BusinessDay (BusinessDate) VALUES ('2017-01-11');
INSERT INTO BusinessDay (BusinessDate) VALUES ('2017-01-12');
INSERT INTO BusinessDay (BusinessDate) VALUES ('2017-01-13');
INSERT INTO BusinessDay (BusinessDate) VALUES ('2017-01-14');
INSERT INTO BusinessDay (BusinessDate) VALUES ('2017-01-15');
INSERT INTO BusinessDay (BusinessDate) VALUES ('2017-01-16');
INSERT INTO BusinessDay (BusinessDate) VALUES ('2017-01-17');
INSERT INTO BusinessDay (BusinessDate) VALUES ('2017-01-18');
INSERT INTO BusinessDay (BusinessDate) VALUES ('2017-01-19');
INSERT INTO BusinessDay (BusinessDate) VALUES ('2017-01-20');
INSERT INTO BusinessDay (BusinessDate) VALUES ('2017-01-21');
INSERT INTO BusinessDay (BusinessDate) VALUES ('2017-01-22');
INSERT INTO BusinessDay (BusinessDate) VALUES ('2017-01-23');
INSERT INTO BusinessDay (BusinessDate) VALUES ('2017-01-24');
INSERT INTO BusinessDay (BusinessDate) VALUES ('2017-01-25');
INSERT INTO BusinessDay (BusinessDate) VALUES ('2017-01-26');
INSERT INTO BusinessDay (BusinessDate) VALUES ('2017-01-27');
INSERT INTO BusinessDay (BusinessDate) VALUES ('2017-01-28');
INSERT INTO BusinessDay (BusinessDate) VALUES ('2017-01-29');
INSERT INTO BusinessDay (BusinessDate) VALUES ('2017-01-30');
INSERT INTO BusinessDay (BusinessDate) VALUES ('2017-01-31');
INSERT INTO BusinessDay (BusinessDate) VALUES ('2017-02-01');
INSERT INTO BusinessDay (BusinessDate) VALUES ('2017-02-02');
INSERT INTO BusinessDay (BusinessDate) VALUES ('2017-02-03');
INSERT INTO BusinessDay (BusinessDate) VALUES ('2017-02-04');
INSERT INTO BusinessDay (BusinessDate) VALUES ('2017-02-05');
INSERT INTO BusinessDay (BusinessDate) VALUES ('2017-02-06');
INSERT INTO BusinessDay (BusinessDate) VALUES ('2017-02-07');
INSERT INTO BusinessDay (BusinessDate) VALUES ('2017-02-08');
INSERT INTO BusinessDay (BusinessDate) VALUES ('2017-02-09');
INSERT INTO BusinessDay (BusinessDate) VALUES ('2017-02-10');
INSERT INTO BusinessDay (BusinessDate) VALUES ('2017-02-11');
INSERT INTO BusinessDay (BusinessDate) VALUES ('2017-02-12');
INSERT INTO BusinessDay (BusinessDate) VALUES ('2017-02-13');
INSERT INTO BusinessDay (BusinessDate) VALUES ('2017-02-14');
INSERT INTO BusinessDay (BusinessDate) VALUES ('2017-02-15');
INSERT INTO BusinessDay (BusinessDate) VALUES ('2017-02-16');
INSERT INTO BusinessDay (BusinessDate) VALUES ('2017-02-17');
INSERT INTO BusinessDay (BusinessDate) VALUES ('2017-02-18');
INSERT INTO BusinessDay (BusinessDate) VALUES ('2017-02-19');
INSERT INTO BusinessDay (BusinessDate) VALUES ('2017-02-20');
INSERT INTO BusinessDay (BusinessDate) VALUES ('2017-02-21');
INSERT INTO BusinessDay (BusinessDate) VALUES ('2017-02-22');
INSERT INTO BusinessDay (BusinessDate) VALUES ('2017-02-23');
INSERT INTO BusinessDay (BusinessDate) VALUES ('2017-02-24');
INSERT INTO BusinessDay (BusinessDate) VALUES ('2017-02-25');
INSERT INTO BusinessDay (BusinessDate) VALUES ('2017-02-26');
INSERT INTO BusinessDay (BusinessDate) VALUES ('2017-02-27');
INSERT INTO BusinessDay (BusinessDate) VALUES ('2017-02-28');
INSERT INTO BusinessDay (BusinessDate) VALUES ('2017-03-01');
INSERT INTO BusinessDay (BusinessDate) VALUES ('2017-03-02');
INSERT INTO BusinessDay (BusinessDate) VALUES ('2017-03-03');
INSERT INTO BusinessDay (BusinessDate) VALUES ('2017-03-04');
INSERT INTO BusinessDay (BusinessDate) VALUES ('2017-03-05');
INSERT INTO BusinessDay (BusinessDate) VALUES ('2017-03-06');
INSERT INTO BusinessDay (BusinessDate) VALUES ('2017-03-07');
INSERT INTO BusinessDay (BusinessDate) VALUES ('2017-03-08');
INSERT INTO BusinessDay (BusinessDate) VALUES ('2017-03-09');
INSERT INTO BusinessDay (BusinessDate) VALUES ('2017-03-10');
INSERT INTO BusinessDay (BusinessDate) VALUES ('2017-03-11');
INSERT INTO BusinessDay (BusinessDate) VALUES ('2017-03-12');
INSERT INTO BusinessDay (BusinessDate) VALUES ('2017-03-13');
INSERT INTO BusinessDay (BusinessDate) VALUES ('2017-03-14');
INSERT INTO BusinessDay (BusinessDate) VALUES ('2017-03-15');
INSERT INTO BusinessDay (BusinessDate) VALUES ('2017-03-16');
INSERT INTO BusinessDay (BusinessDate) VALUES ('2017-03-17');
INSERT INTO BusinessDay (BusinessDate) VALUES ('2017-03-18');
INSERT INTO BusinessDay (BusinessDate) VALUES ('2017-03-19');
INSERT INTO BusinessDay (BusinessDate) VALUES ('2017-03-20');
INSERT INTO BusinessDay (BusinessDate) VALUES ('2017-03-21');
INSERT INTO BusinessDay (BusinessDate) VALUES ('2017-03-22');
INSERT INTO BusinessDay (BusinessDate) VALUES ('2017-03-23');
INSERT INTO BusinessDay (BusinessDate) VALUES ('2017-03-24');
INSERT INTO BusinessDay (BusinessDate) VALUES ('2017-03-25');
INSERT INTO BusinessDay (BusinessDate) VALUES ('2017-03-26');
INSERT INTO BusinessDay (BusinessDate) VALUES ('2017-03-27');
INSERT INTO BusinessDay (BusinessDate) VALUES ('2017-03-28');
INSERT INTO BusinessDay (BusinessDate) VALUES ('2017-03-29');
INSERT INTO BusinessDay (BusinessDate) VALUES ('2017-03-30');
INSERT INTO BusinessDay (BusinessDate) VALUES ('2018-01-01');
INSERT INTO BusinessDay (BusinessDate) VALUES ('2018-01-02');
INSERT INTO BusinessDay (BusinessDate) VALUES ('2018-01-03');
INSERT INTO BusinessDay (BusinessDate) VALUES ('2018-01-04');
INSERT INTO BusinessDay (BusinessDate) VALUES ('2018-01-05');
INSERT INTO BusinessDay (BusinessDate) VALUES ('2018-01-06');
INSERT INTO BusinessDay (BusinessDate) VALUES ('2018-01-07');
INSERT INTO BusinessDay (BusinessDate) VALUES ('2018-01-08');
INSERT INTO BusinessDay (BusinessDate) VALUES ('2018-01-09');
INSERT INTO BusinessDay (BusinessDate) VALUES ('2018-01-10');
INSERT INTO BusinessDay (BusinessDate) VALUES ('2018-01-11');
INSERT INTO BusinessDay (BusinessDate) VALUES ('2018-01-12');
INSERT INTO BusinessDay (BusinessDate) VALUES ('2018-01-13');
INSERT INTO BusinessDay (BusinessDate) VALUES ('2018-01-14');
INSERT INTO BusinessDay (BusinessDate) VALUES ('2018-01-15');
INSERT INTO BusinessDay (BusinessDate) VALUES ('2018-01-16');
INSERT INTO BusinessDay (BusinessDate) VALUES ('2018-01-17');
INSERT INTO BusinessDay (BusinessDate) VALUES ('2018-01-18');
INSERT INTO BusinessDay (BusinessDate) VALUES ('2018-01-19');
INSERT INTO BusinessDay (BusinessDate) VALUES ('2018-01-20');
INSERT INTO BusinessDay (BusinessDate) VALUES ('2018-01-21');
INSERT INTO BusinessDay (BusinessDate) VALUES ('2018-01-22');
INSERT INTO BusinessDay (BusinessDate) VALUES ('2018-01-23');
INSERT INTO BusinessDay (BusinessDate) VALUES ('2018-01-24');
INSERT INTO BusinessDay (BusinessDate) VALUES ('2018-01-25');
INSERT INTO BusinessDay (BusinessDate) VALUES ('2018-01-26');
INSERT INTO BusinessDay (BusinessDate) VALUES ('2018-01-27');
INSERT INTO BusinessDay (BusinessDate) VALUES ('2018-01-28');
INSERT INTO BusinessDay (BusinessDate) VALUES ('2018-01-29');
INSERT INTO BusinessDay (BusinessDate) VALUES ('2018-01-30');
INSERT INTO BusinessDay (BusinessDate) VALUES ('2018-01-31');
INSERT INTO BusinessDay (BusinessDate) VALUES ('2018-02-01');
INSERT INTO BusinessDay (BusinessDate) VALUES ('2018-02-02');
INSERT INTO BusinessDay (BusinessDate) VALUES ('2018-02-03');
INSERT INTO BusinessDay (BusinessDate) VALUES ('2018-02-04');
INSERT INTO BusinessDay (BusinessDate) VALUES ('2018-02-05');
INSERT INTO BusinessDay (BusinessDate) VALUES ('2018-02-06');
INSERT INTO BusinessDay (BusinessDate) VALUES ('2018-02-07');
INSERT INTO BusinessDay (BusinessDate) VALUES ('2018-02-08');
INSERT INTO BusinessDay (BusinessDate) VALUES ('2018-02-09');
INSERT INTO BusinessDay (BusinessDate) VALUES ('2018-02-10');
INSERT INTO BusinessDay (BusinessDate) VALUES ('2018-02-11');
INSERT INTO BusinessDay (BusinessDate) VALUES ('2018-02-12');
INSERT INTO BusinessDay (BusinessDate) VALUES ('2018-02-13');
INSERT INTO BusinessDay (BusinessDate) VALUES ('2018-02-14');
INSERT INTO BusinessDay (BusinessDate) VALUES ('2018-02-15');
INSERT INTO BusinessDay (BusinessDate) VALUES ('2018-02-16');
INSERT INTO BusinessDay (BusinessDate) VALUES ('2018-02-17');
INSERT INTO BusinessDay (BusinessDate) VALUES ('2018-02-18');
INSERT INTO BusinessDay (BusinessDate) VALUES ('2018-02-19');
INSERT INTO BusinessDay (BusinessDate) VALUES ('2018-02-20');
INSERT INTO BusinessDay (BusinessDate) VALUES ('2018-02-21');
INSERT INTO BusinessDay (BusinessDate) VALUES ('2018-02-22');
INSERT INTO BusinessDay (BusinessDate) VALUES ('2018-02-23');
INSERT INTO BusinessDay (BusinessDate) VALUES ('2018-02-24');
INSERT INTO BusinessDay (BusinessDate) VALUES ('2018-02-25');
INSERT INTO BusinessDay (BusinessDate) VALUES ('2018-02-26');
INSERT INTO BusinessDay (BusinessDate) VALUES ('2018-02-27');
INSERT INTO BusinessDay (BusinessDate) VALUES ('2018-02-28');
INSERT INTO BusinessDay (BusinessDate) VALUES ('2018-03-01');
INSERT INTO BusinessDay (BusinessDate) VALUES ('2018-03-02');
INSERT INTO BusinessDay (BusinessDate) VALUES ('2018-03-03');
INSERT INTO BusinessDay (BusinessDate) VALUES ('2018-03-04');
INSERT INTO BusinessDay (BusinessDate) VALUES ('2018-03-05');
INSERT INTO BusinessDay (BusinessDate) VALUES ('2018-03-06');
INSERT INTO BusinessDay (BusinessDate) VALUES ('2018-03-07');
INSERT INTO BusinessDay (BusinessDate) VALUES ('2018-03-08');
INSERT INTO BusinessDay (BusinessDate) VALUES ('2018-03-09');
INSERT INTO BusinessDay (BusinessDate) VALUES ('2018-03-10');
INSERT INTO BusinessDay (BusinessDate) VALUES ('2018-03-11');
INSERT INTO BusinessDay (BusinessDate) VALUES ('2018-03-12');
INSERT INTO BusinessDay (BusinessDate) VALUES ('2018-03-13');
INSERT INTO BusinessDay (BusinessDate) VALUES ('2018-03-14');
INSERT INTO BusinessDay (BusinessDate) VALUES ('2018-03-15');
INSERT INTO BusinessDay (BusinessDate) VALUES ('2018-03-16');
INSERT INTO BusinessDay (BusinessDate) VALUES ('2018-03-17');
INSERT INTO BusinessDay (BusinessDate) VALUES ('2018-03-18');
INSERT INTO BusinessDay (BusinessDate) VALUES ('2018-03-19');
INSERT INTO BusinessDay (BusinessDate) VALUES ('2018-03-20');
INSERT INTO BusinessDay (BusinessDate) VALUES ('2018-03-21');
INSERT INTO BusinessDay (BusinessDate) VALUES ('2018-03-22');
INSERT INTO BusinessDay (BusinessDate) VALUES ('2018-03-23');
INSERT INTO BusinessDay (BusinessDate) VALUES ('2018-03-24');
INSERT INTO BusinessDay (BusinessDate) VALUES ('2018-03-25');
INSERT INTO BusinessDay (BusinessDate) VALUES ('2018-03-26');
INSERT INTO BusinessDay (BusinessDate) VALUES ('2018-03-27');
INSERT INTO BusinessDay (BusinessDate) VALUES ('2018-03-28');
INSERT INTO BusinessDay (BusinessDate) VALUES ('2018-03-29');
INSERT INTO BusinessDay (BusinessDate) VALUES ('2018-03-30');
INSERT INTO BusinessDay (BusinessDate) VALUES ('2019-01-01');
INSERT INTO BusinessDay (BusinessDate) VALUES ('2019-01-02');
INSERT INTO BusinessDay (BusinessDate) VALUES ('2019-01-03');
INSERT INTO BusinessDay (BusinessDate) VALUES ('2019-01-04');
INSERT INTO BusinessDay (BusinessDate) VALUES ('2019-01-05');
INSERT INTO BusinessDay (BusinessDate) VALUES ('2019-01-06');
INSERT INTO BusinessDay (BusinessDate) VALUES ('2019-01-07');
INSERT INTO BusinessDay (BusinessDate) VALUES ('2019-01-08');
INSERT INTO BusinessDay (BusinessDate) VALUES ('2019-01-09');
INSERT INTO BusinessDay (BusinessDate) VALUES ('2019-01-10');
INSERT INTO BusinessDay (BusinessDate) VALUES ('2019-01-11');
INSERT INTO BusinessDay (BusinessDate) VALUES ('2019-01-12');
INSERT INTO BusinessDay (BusinessDate) VALUES ('2019-01-13');
INSERT INTO BusinessDay (BusinessDate) VALUES ('2019-01-14');
INSERT INTO BusinessDay (BusinessDate) VALUES ('2019-01-15');
INSERT INTO BusinessDay (BusinessDate) VALUES ('2019-01-16');
INSERT INTO BusinessDay (BusinessDate) VALUES ('2019-01-17');
INSERT INTO BusinessDay (BusinessDate) VALUES ('2019-01-18');
INSERT INTO BusinessDay (BusinessDate) VALUES ('2019-01-19');
INSERT INTO BusinessDay (BusinessDate) VALUES ('2019-01-20');
INSERT INTO BusinessDay (BusinessDate) VALUES ('2019-01-21');
INSERT INTO BusinessDay (BusinessDate) VALUES ('2019-01-22');
INSERT INTO BusinessDay (BusinessDate) VALUES ('2019-01-23');
INSERT INTO BusinessDay (BusinessDate) VALUES ('2019-01-24');
INSERT INTO BusinessDay (BusinessDate) VALUES ('2019-01-25');
INSERT INTO BusinessDay (BusinessDate) VALUES ('2019-01-26');
INSERT INTO BusinessDay (BusinessDate) VALUES ('2019-01-27');
INSERT INTO BusinessDay (BusinessDate) VALUES ('2019-01-28');
INSERT INTO BusinessDay (BusinessDate) VALUES ('2019-01-29');
INSERT INTO BusinessDay (BusinessDate) VALUES ('2019-01-30');
INSERT INTO BusinessDay (BusinessDate) VALUES ('2019-01-31');
INSERT INTO BusinessDay (BusinessDate) VALUES ('2019-02-01');
INSERT INTO BusinessDay (BusinessDate) VALUES ('2019-02-02');
INSERT INTO BusinessDay (BusinessDate) VALUES ('2019-02-03');
INSERT INTO BusinessDay (BusinessDate) VALUES ('2019-02-04');
INSERT INTO BusinessDay (BusinessDate) VALUES ('2019-02-05');
INSERT INTO BusinessDay (BusinessDate) VALUES ('2019-02-06');
INSERT INTO BusinessDay (BusinessDate) VALUES ('2019-02-07');
INSERT INTO BusinessDay (BusinessDate) VALUES ('2019-02-08');
INSERT INTO BusinessDay (BusinessDate) VALUES ('2019-02-09');
INSERT INTO BusinessDay (BusinessDate) VALUES ('2019-02-10');
INSERT INTO BusinessDay (BusinessDate) VALUES ('2019-02-11');
INSERT INTO BusinessDay (BusinessDate) VALUES ('2019-02-12');
INSERT INTO BusinessDay (BusinessDate) VALUES ('2019-02-13');
INSERT INTO BusinessDay (BusinessDate) VALUES ('2019-02-14');
INSERT INTO BusinessDay (BusinessDate) VALUES ('2019-02-15');
INSERT INTO BusinessDay (BusinessDate) VALUES ('2019-02-16');
INSERT INTO BusinessDay (BusinessDate) VALUES ('2019-02-17');
INSERT INTO BusinessDay (BusinessDate) VALUES ('2019-02-18');
INSERT INTO BusinessDay (BusinessDate) VALUES ('2019-02-19');
INSERT INTO BusinessDay (BusinessDate) VALUES ('2019-02-20');
INSERT INTO BusinessDay (BusinessDate) VALUES ('2019-02-21');
INSERT INTO BusinessDay (BusinessDate) VALUES ('2019-02-22');
INSERT INTO BusinessDay (BusinessDate) VALUES ('2019-02-23');
INSERT INTO BusinessDay (BusinessDate) VALUES ('2019-02-24');
INSERT INTO BusinessDay (BusinessDate) VALUES ('2019-02-25');
INSERT INTO BusinessDay (BusinessDate) VALUES ('2019-02-26');
INSERT INTO BusinessDay (BusinessDate) VALUES ('2019-02-27');
INSERT INTO BusinessDay (BusinessDate) VALUES ('2019-02-28');
INSERT INTO BusinessDay (BusinessDate) VALUES ('2019-03-01');
INSERT INTO BusinessDay (BusinessDate) VALUES ('2019-03-02');
INSERT INTO BusinessDay (BusinessDate) VALUES ('2019-03-03');
INSERT INTO BusinessDay (BusinessDate) VALUES ('2019-03-04');
INSERT INTO BusinessDay (BusinessDate) VALUES ('2019-03-05');
INSERT INTO BusinessDay (BusinessDate) VALUES ('2019-03-06');
INSERT INTO BusinessDay (BusinessDate) VALUES ('2019-03-07');
INSERT INTO BusinessDay (BusinessDate) VALUES ('2019-03-08');
INSERT INTO BusinessDay (BusinessDate) VALUES ('2019-03-09');
INSERT INTO BusinessDay (BusinessDate) VALUES ('2019-03-10');
INSERT INTO BusinessDay (BusinessDate) VALUES ('2019-03-11');
INSERT INTO BusinessDay (BusinessDate) VALUES ('2019-03-12');
INSERT INTO BusinessDay (BusinessDate) VALUES ('2019-03-13');
INSERT INTO BusinessDay (BusinessDate) VALUES ('2019-03-14');
INSERT INTO BusinessDay (BusinessDate) VALUES ('2019-03-15');
INSERT INTO BusinessDay (BusinessDate) VALUES ('2019-03-16');
INSERT INTO BusinessDay (BusinessDate) VALUES ('2019-03-17');
INSERT INTO BusinessDay (BusinessDate) VALUES ('2019-03-18');
INSERT INTO BusinessDay (BusinessDate) VALUES ('2019-03-19');
INSERT INTO BusinessDay (BusinessDate) VALUES ('2019-03-20');
INSERT INTO BusinessDay (BusinessDate) VALUES ('2019-03-21');
INSERT INTO BusinessDay (BusinessDate) VALUES ('2019-03-22');
INSERT INTO BusinessDay (BusinessDate) VALUES ('2019-03-23');
INSERT INTO BusinessDay (BusinessDate) VALUES ('2019-03-24');
INSERT INTO BusinessDay (BusinessDate) VALUES ('2019-03-25');
INSERT INTO BusinessDay (BusinessDate) VALUES ('2019-03-26');
INSERT INTO BusinessDay (BusinessDate) VALUES ('2019-03-27');
INSERT INTO BusinessDay (BusinessDate) VALUES ('2019-03-28');
INSERT INTO BusinessDay (BusinessDate) VALUES ('2019-03-29');
INSERT INTO BusinessDay (BusinessDate) VALUES ('2019-03-30');


-- discount settings only for 20 products 
INSERT INTO Discount (BusinessDate, PID, DiscountPrice) VALUES ('2019-03-30', 1, 14.08);
INSERT INTO Discount (BusinessDate, PID, DiscountPrice) VALUES ('2019-03-30', 2, 26.13);
INSERT INTO Discount (BusinessDate, PID, DiscountPrice) VALUES ('2019-03-30', 3, 11.74);
INSERT INTO Discount (BusinessDate, PID, DiscountPrice) VALUES ('2019-03-30', 4, 26.45);
INSERT INTO Discount (BusinessDate, PID, DiscountPrice) VALUES ('2019-03-30', 5, 20.54);
INSERT INTO Discount (BusinessDate, PID, DiscountPrice) VALUES ('2019-03-30', 6, 21.71);
INSERT INTO Discount (BusinessDate, PID, DiscountPrice) VALUES ('2019-03-30', 7, 14.84);
INSERT INTO Discount (BusinessDate, PID, DiscountPrice) VALUES ('2019-03-30', 8, 32.13);
INSERT INTO Discount (BusinessDate, PID, DiscountPrice) VALUES ('2019-03-30', 9, 12.89);
INSERT INTO Discount (BusinessDate, PID, DiscountPrice) VALUES ('2019-03-30', 10, 19.91);
INSERT INTO Discount (BusinessDate, PID, DiscountPrice) VALUES ('2019-03-30', 11, 11.21);
INSERT INTO Discount (BusinessDate, PID, DiscountPrice) VALUES ('2019-03-30', 12, 18.75);
INSERT INTO Discount (BusinessDate, PID, DiscountPrice) VALUES ('2019-03-30', 13, 33.7);
INSERT INTO Discount (BusinessDate, PID, DiscountPrice) VALUES ('2019-03-30', 14, 18.15);
INSERT INTO Discount (BusinessDate, PID, DiscountPrice) VALUES ('2019-03-30', 15, 21.92);
INSERT INTO Discount (BusinessDate, PID, DiscountPrice) VALUES ('2019-03-30', 16, 24.85);
INSERT INTO Discount (BusinessDate, PID, DiscountPrice) VALUES ('2019-03-30', 17, 11.81);
INSERT INTO Discount (BusinessDate, PID, DiscountPrice) VALUES ('2019-03-30', 18, 4.71);
INSERT INTO Discount (BusinessDate, PID, DiscountPrice) VALUES ('2019-03-30', 19, 25.34);
INSERT INTO Discount (BusinessDate, PID, DiscountPrice) VALUES ('2019-03-30', 20, 7.43);


INSERT INTO Sells (StoreNumber, PID, QuantitySold, DateSold) VALUES (1, 1, 3, '2019-03-15');
INSERT INTO Sells (StoreNumber, PID, QuantitySold, DateSold) VALUES (2, 2, 5, '2019-03-15');
INSERT INTO Sells (StoreNumber, PID, QuantitySold, DateSold) VALUES (3, 3, 3, '2019-03-15');
INSERT INTO Sells (StoreNumber, PID, QuantitySold, DateSold) VALUES (4, 4, 1, '2019-03-15');
INSERT INTO Sells (StoreNumber, PID, QuantitySold, DateSold) VALUES (5, 5, 3, '2019-03-15');
INSERT INTO Sells (StoreNumber, PID, QuantitySold, DateSold) VALUES (6, 6, 2, '2019-03-15');
INSERT INTO Sells (StoreNumber, PID, QuantitySold, DateSold) VALUES (7, 7, 2, '2019-03-15');
INSERT INTO Sells (StoreNumber, PID, QuantitySold, DateSold) VALUES (8, 8, 1, '2019-03-15');
INSERT INTO Sells (StoreNumber, PID, QuantitySold, DateSold) VALUES (9, 9, 5, '2019-03-15');
INSERT INTO Sells (StoreNumber, PID, QuantitySold, DateSold) VALUES (1, 10, 3, '2019-03-15');
INSERT INTO Sells (StoreNumber, PID, QuantitySold, DateSold) VALUES (2, 11, 7, '2019-03-15');
INSERT INTO Sells (StoreNumber, PID, QuantitySold, DateSold) VALUES (3, 12, 1, '2019-03-15');
INSERT INTO Sells (StoreNumber, PID, QuantitySold, DateSold) VALUES (4, 13, 1, '2019-03-15');
INSERT INTO Sells (StoreNumber, PID, QuantitySold, DateSold) VALUES (5, 14, 7, '2019-03-15');
INSERT INTO Sells (StoreNumber, PID, QuantitySold, DateSold) VALUES (6, 15, 6, '2019-03-15');
INSERT INTO Sells (StoreNumber, PID, QuantitySold, DateSold) VALUES (7, 16, 7, '2019-03-15');
INSERT INTO Sells (StoreNumber, PID, QuantitySold, DateSold) VALUES (8, 17, 5, '2019-03-15');
INSERT INTO Sells (StoreNumber, PID, QuantitySold, DateSold) VALUES (9, 18, 6, '2019-03-15');
INSERT INTO Sells (StoreNumber, PID, QuantitySold, DateSold) VALUES (1, 19, 7, '2019-03-15');
INSERT INTO Sells (StoreNumber, PID, QuantitySold, DateSold) VALUES (2, 20, 5, '2019-03-15');
